id,description
1,"Q1 2024 revenue increased by 15% reaching $2.5M with strong customer acquisition"
2,"Operating expenses decreased by 8% due to cost optimization initiatives"
3,"Cash reserves stand at $1.2M as of March 2024 showing healthy liquidity"
4,"Q2 2024 shows promising growth trajectory with 20% increase in recurring revenue"
5,"Customer churn rate dropped to 3% indicating improved retention strategies"
6,"R&D investment increased to 18% of revenue to support product innovation"
7,"Gross margin improved to 68% from 62% in previous quarter"
8,"Marketing spend efficiency improved with 25% lower customer acquisition cost"
9,"Accounts receivable days reduced from 45 to 35 days showing better collections"
10,"Net profit margin reached 15% exceeding industry average of 12%"
11,"Q3 2024 customer satisfaction scores increased to 92% from 85%"
